,roc_auc,pr_auc,mse,rmse,f1_score
0,0.832314814814815,0.20938500051827083,0.13515448570251465,0.3676336297219212,0.24050632911392406
